Year,Location Name,Magnitude,Deaths,Injuries,Damage Description,Houses Destroyed
1900,MEXICO:  NEAR COAST OF JALISCO,7.5,4,10,1100,18
1900,"VENEZUELA:  CASANAY (CASANAI),CARIACO",5.9,18,158,12,3496
1900,COSTA RICA,7.6,2,2000,435,4880
1900,"TURKEY:  KARS,KARAKURT,KAGIZMAN,DIGOR",6.8,86,145,25,3560
1900,SOLOMON ISLANDS:  SANTA CRUZ ISLANDS,7.1,4,84,34,66
1900,ALASKA:  SE. ALASKA,7.9,2000,51,76,4
1900,PAPUA NEW GUINEA:  BISMARCK SEA,6.9,10,22,3,661
1900,PAPUA NEW GUINEA:  RABAUL HARBOR,8.3,2500,7000,3,11
1900,COLOMBIA,7.7,6,112,12,6700
1900,INDONESIA:  NW. IRIAN JAYA,7.9,4880,20,78,13
1900,ALASKA:  KODIAK ISLAND,7.8,20,700,8,6769
1900,VENEZUELA:  MACUTO,6,3560,60,345,1794
1900,RUSSIA:  KURIL ISLANDS,6.4,1000,20,12,247
1901,ECUADOR:  ESMERALDAS,6.4,2,85,3,280
1901,CHINA:  YUNNAN PROVINCE,7.2,350,2,23,343
1901,CALIFORNIA:  SAN DIEGO,7.5,3,167,67,122
1901,"BULGARIA:  BALCHIK, KAVARNA, BLATNITSA, LIMANU",7.9,4,20,78,41
1901,BULGARIA:  BALCHIK,7.9,400,2,2,4
1901,RUSSIA:  KURIL ISLANDS,7.9,145,7,78,60
1901,"IWATE, JAPAN",8.2,19000,47000,4,12
1901,JAPAN:  RYUKYU ISLANDS,6.3,120,200,7,24700
1901,JAPAN:  OFF NORTHEAST COAST HONSHU,7,11,3295,2000,63
1901,NEW CALEDONIA:  LOYALTY ISLANDS,6.1,557,524,324,94
1901,JAPAN:  OFF NORTHEAST COAST HONSHU,7.8,13,190,10,120
1901,JAPAN:  OFF NORTHEAST COAST HONSHU,5.9,1000,122,88,17000
1901,"PHILIPPINES:  LUZON:  E TAYABAS,CALAUAG BAY",7.8,1258,2,2500,180
1901,NICARAGUA,7.8,15,700,546,786
1901,"TURKEY:  HASANKALE,HINS,ERZURUM",7,700,1735,6,97
1901,PHILIPPINES:  LUZON,6.3,1,10,34,130
1901,"TURKEY:  AYVALIK, MOSKO IS; GREECE:  KHIOS",7.8,4000,800,97,273
1901,ALASKA:  ALEUTIAN ISLANDS:  FOX ISLANDS,7.8,280,1121,6664,139
1902,ALASKA:  ALEUTIAN ISLANDS:  FOX ISLANDS,6.9,1000,108,41704,60
1902,MEXICO:  GUERRERO,7,8,1285,4356,395
1902,"GUATEMALA:  SAN MARTIN, QUEZALTENANGO",5.5,2,400,12000,3
1902,PAPUA NEW GUINEA,7.5,12000,300,1000,12
1902,TONGA ISLANDS,8,158,27,2,15594
1902,AZERBAIJAN:  SEMACHA; N IRAN,6.6,78000,115,350,26674
1902,EL SALVADOR-GUATEMALA,6.3,8,120,,200
1902,TURKEY:  CANKIRI,7.3,5500,2,3435,2600
1902,"GUATEMALA:  QUEZALTENANGO, SAN MARCOS",7.7,3,669,5,74750
1902,CALIFORNIA:  SOUTHERN,5.5,9,320,53,20
1902,RUSSIA:  SEA OF OKHOTSK,8.1,30,600,6456,2
1902,TURKEY:  THESSALONIKI,7.8,21,14,554,56
1902,"IRAN:  QESHM ISLAND:  QESHM,BANDAR ABBAS,GENU",7.8,40,1,466,980
1902,"PHILIPPINES:  MINDANAO:  LANAO, COTABATO",6.4,1,2,423,8099
1902,"CHINA:  XINJIANG, TURKESTAN",8,41,30,540,4
1902,"PHILIPPINES:  ILOILO,PANAY",7.7,231,12053,400,4354
1902,CHINA:   YUNNAN PROVINCE,7.8,4,1,2,232
1902,GUAM:  AGANA,8.1,60,1,323,592
1902,"MEXICO:  VENUSTIANO CARRANZA,CHIAPAS,CHIS,TABASCO",5.7,2,6004,19000,100
1902,UTAH,6.5,3,2,,
1902,MEXICO:  BAJA CALIFORNIA,6.3,12,40,,4106
1902,UZBEKISTAN:   ANDIZHAN,7.9,450,31,,1167
1903,TONGA ISLANDS,5.8,90,10,59,200
1903,MEXICO:  OFF COAST OF GUERRERO,8.3,700,20,4,3
1904,BULGARIA:  STRUMA,6.8,54,20,1000,4
1904,BULGARIA:  STRUMA,8.4,1500,45,8,6321
1904,TAIWAN:  JIAYI,7.9,7,200,2,70
1904,JAPAN:  SEA OF JAPAN,7.5,1800,100,64,319
1904,RUSSIA:  OFF KAMCHATKA,7.8,6,11000,45,1400
1904,RUSSIA:  OFF KAMCHATKA,6.5,2650,75,353,40000
1904,RUSSIA:  OFF KAMCHATKA,7.5,2000,21,12000,30
1904,NEW ZEALAND:  E OF NORTH ISLAND,6.6,46,17,158,26146
1904,"GREECE:  SAMOS, PATMOS",7.8,648,435,64,7221
1904,JAPAN:  KYUSHU,7.6,5,355,34,700
1904,ALASKA:  RAMPART,7,1400,50,452,1362
1904,CHINA:  SICHUAN PROVINCE,8.4,200,12,80000,7000
1904,INDONESIA:  S. JAVA,8.4,200000,2,345,244
1904,ECUADOR,7.5,400,586,5500,600
1904,TAIWAN:  JIAYI,7.1,5,250,,600
1904,PANAMA:  BOCAS DEL TORO,7.8,5,250,,63000
1905,COSTA RICA:  PUNTARENAS,5.1,500,2,,1010
1905,INDONESIA:  MINAHASSA PENINSULA,6.4,1,140,,534
1905,ALASKA:  ANDREANOF ISLANDS,7.5,4800,26,,50
1905,NEW ZEALAND,5,2200,2412,1,
1905,KERMADEC ISLANDS,7.2,142807,100,30,
1905,VANUATU:  MALO PASS,6.8,50,20,,2382
1905,INDIA:  KANGRA,6.5,157,101,21,
1905,TURKEY,5.5,290,5000,,17
1905,"IRAN:  BANDAR ABBAS,QESHM,HENGAM",8.4,300,113,,
1905,MEXICO:  JALISCO,8.5,7,149,,
1905,PAPUA NEW GUINEA:  BISMARCK SEA,7.7,3,12,,2
1905,ALBANIA:  SHKODER,6.5,40,96,,
1905,JAPAN:  AKI,6.8,50,92,976,
1905,KIRIBATI:  PHOENIX ISLANDS,6.5,100,46,,
1905,JAPAN:  OFF FUKUSHIMA,7.5,60,948,,970
1905,MONGOLIA,6.5,,1856,,27773
1905,MONGOLIA,7.9,3,13,,500
1905,ITALY:  CENTRAL,5.3,200,63,14,200
1905,JAPAN:  HOKKAIDO,7.7,5000,200,,
1905,"ITALY:  MONTELEONE, TROPEA, MONTE PORO",7.7,17,200,,20000
1905,RUSSIA:  KOMANDORSKY ISLAND,7.8,395,88,13,500
1905,RUSSIA:  BLACK SEA,8.2,13,25000,,459
1905,BULGARIA,6.5,3,3000,,
1905,GEORGIA:  CAUCASUS,8,12,3000,12,
1906,"GHANA:  HO, AKPAFU, PALIME, MISA, ACCRA; TOGO",7.6,175,100,150,5200
1906,MARTINIQUE,7.2,1,15,3,180
1906,CHINA:  XINJIANG PROVINCE,7,18,150,120,200
1906,ALASKA:  ALEUTIAN ISLANDS,5.8,35,1536,640,
1906,PERU:  OFF SOUTH COAST,7.3,259,80,223,
1906,VENEZUELA:  MAIQUETIA,6.3,25,563,,2000
1907,"INDONESIA:  NW SUMATRA:  GUNUNGSITOLi, BARUS",7.8,36,55,,
1907,JAMAICA:  KINGSTON,6.7,4,18,,14
1907,ITALY:  SICILY,7.5,39,4,1,40
1907,PERU,7.8,90,1,1,2
1907,INDONESIA:  TALAUD ISLANDS:  KARAKELONG ISLAND,7.3,261,22,,500
1907,MEXICO:  GUERRERO,6.6,2450,100,4,100
1907,PHILIPPINES:  SE LUZON:  CAMARINES,6.5,2890,330,,1000
1907,PHILIPPINES:  SE LUZON:  CAMARINES,7.6,10000,261,14,689
1907,PAPUA NEW GUINEA:  NEW BRITAIN,7.6,16,17000,,12000
1907,RUSSIA:  SEA OF OKHOTSK,6.2,1,200,29978,700
1907,"PHILIPPINES:  N LUZON:  TUGUEGARAO,LAOAG,N ILOCOS",8.1,14,500,,2000
1907,INDONESIA:  DJAILOLO GILOLO,5.7,200,300,,100
1907,"INDONESIA:  SULAWESI:  LEMO, COLO, ANJA, OLU CONGKO",7.8,6,97,,1287
1907,ALBANIA,6.9,6,80,,107
1907,ALASKA:  ALEUTIAN ISLANDS,7.2,1070,160,,15190
1907,ALASKA:  SKAGWAY,5.8,400,16,,3000
1907,MEXICO:  GULF OF CALIFORNIA,4.7,161,353,,
1907,TAJIKISTAN:   KARATAG,7.9,275,1,170,8229
1907,ITALY:  FERRUZANO,7.3,120,200,,
1907,PERU,7.7,181,1174,,
1907,PHILIPPINES:  SE LUZON:  CAMARINES,8,9300,200,,1
1907,PAPUA NEW GUINEA:  BISMARCK SEA,7.5,200,150,,2000
1907,TONGA ISLANDS:  S OF TONGA,6.8,2,50000,,2
1908,SW. SUMATRA,7.4,4,1,,800
1908,ALASKA:  GULF OF ALASKA,6,1,483,3,40
1908,PHILIPPINES:  MINDANAO,7.8,10600,2,614,1
1908,INDONESIA:  TIMOR,7.5,2,1,,
1908,MEXICO:  GUERRERO,7.5,3,20,,
1908,MEXICO:  GUERRERO,5.9,3,350,1,
1908,INDONESIA:  CELEBES SEA,7.9,100,150,1,27
1908,HAWAII,6.4,5,2000,1500,134
1908,AFGHANISTAN:  HINDU KUSH,6.1,60,6,,11
1908,RUSSIA:  KURIL ISLANDS,6.9,690,447,,
1908,PERU:  OFF COAST,7.9,3276,5,2,255000
1908,MYANMAR (BURMA):  KACHIN,7.2,2,2,,1137
1908,"ITALY:  MESSINA, SICILY, CALABRIA",8,540,50,,14
1909,"TURKEY:  FOCA,MENEMEN,GUZELHISAR",7.3,6000,1710,1800,1500
1909,IRAN:  SILAKOR,7.5,9,11,3,2100
1909,"MOROCCO:  TETUAN (TETOUAN),ROMARS",6.7,2746,15,2650,85
1909,"TURKEY:  ZARA,IPSALA,KOYULHISAR,ENDERS",6.2,8,20000,,
1909,FIJI ISLANDS,7.7,2,390,2000,5
1909,JAPAN:  CHOSHI,5.5,2,64,,20000
1909,JAPAN:  YOKOHAMA,7.4,100,100,,
1909,PHILIPPINES:  MINDANAO:  E,6.7,250,3,,26
1909,ITALY:  N,6.5,12,2,52,1700
1909,ALASKA:  ALEUTIAN ISLANDS,7.6,1,1,,200
1909,TAIWAN:  TAIPEI,5.5,115,20,100,113909
1909,UTAH,6.8,1,3372,2,1875
1909,PAKISTAN,7,30000,10,,7
1909,ITALY:  SICILY,7.2,5,76000,200,45
1909,TURKEY:  KOGLACIK,7.5,27,50,200000,75
1909,"MEXICO:  GUERRERO,MICHOACAN",6.9,22,59,400,
1909,JAPAN:  KYUSHU,7.5,40,6,,40
1909,TAIWAN,7.8,2,1700,,
1909,SOLOMON ISLANDS,7.5,41,7,,20
1909,GUAM,7.5,13,4755,,3300
1910,HONDURAS,6.8,32700,799000,,4000
1910,CHINA:  YELLOW SEA,7.7,2,3500,,123
1910,JAPAN:  HONSHU:  S. OF,7.8,181,50,2,75000
1910,PAPUA NEW GUINEA:  MATUPI HARBOR,5.8,16,32,,75000
1910,TAIWAN,7.7,9,13,,12000
1910,COSTA RICA:  CARTAGO,7.5,179,36,,1500
1910,"COSTA RICA:  CARTAGO, SAN JOSE",6.8,2,10500,,30
1910,JAPAN:  HOKKAIDO,7.6,1000,9,,
1910,VANUATU ISLANDS,7,1200,556,,100
1910,ITALY:  CALITRI,7.7,4,200,,16
1910,VANUATU ISLANDS,7.9,730,1,5,
1910,"ALGERIA:  MASQUERAY,  KABYLIA",6,132,9,,14
1910,"TURKEY:  HACIHAMZA,OSMANCIK,ISKILIP",6.7,430,5,,1
1910,MEXICO:  OAXACA,7,15,300,2,
1910,MOROCCO:  MELILLA; CANARY I:  PENON DE LA GOMERA,8.1,15,1000,,2000
1910,VANUATU ISLANDS:  ESPIRITU SANTO,6.3,6,129,,4000
1910,VANUATU ISLANDS:  ESPIRITU SANTO,7.5,319,2,700,2
1910,SOLOMON ISLANDS,7,90,2,,300
1910,TANZANIA: RUKWA,7.1,200,25,,1
1910,INDONESIA:  TALAUD ISLANDS,7.6,30,2,,
1910,INDONESIA:  SULAWESI-N. MOLUCCAS ISLANDS,7.2,43,2,,1500
1910,PHILIPPINES:  SULU SEA,7.2,16,10000,,3
1911,"KAZAKHSTAN:  ALMA-ATA, TURKESTAN",7.5,2,3,,
1911,CHINA:  HEBEI PROVINCE,4.9,3,3,4800,1
1911,PHILIPPINES:  LUZON:  TAAL VOLCANO,8.1,1000,3,,
1911,"TAJIKISTAN:  USOY, BARCHIDIV, POSOR, NISUR",5.6,1,200,,
1911,GREECE-ALBANIA,5.8,75,35,,
1911,IRAN:  RAVAR,7.6,5,1001,2200,629
1911,RUSSIA:  NEAR KAMCHATKA,7.5,11,2,4,300
1911,PAPUA NEW GUINEA:  MATUPIT ISLAND,7,285,2987,50,84
1911,CHINA:  GUANGDONG PROVINCE,6,213,2,157,1000
1911,MEXICO:  MICHOACAN,7.6,1400,5000,290,237
1911,JAPAN:  RYUKYU ISLANDS,8.1,4020,2,300,60
1911,AFGHANISTAN:  HINDU KUSH,6.3,3,4,7,412000
1911,"PHILIPPINES:  MINDANAO:  TALACOGON,DAVAO,BUTUAN",7.5,8000,40,,5300
1911,"FRANCE:  NAY,BENEJACQ,ARAMITS,ARROS,GAN,BOSDARROS",7.7,2381,23,,5
1911,"MICRONESIA, FED. STATES OF:  CAROLINE ISLANDS",8.1,3,200,,4270
1911,CHILE:  NORTHERN,7.6,20,3,50,30000
1911,ALASKA:  PRINCE WILLIAM SOUND,6.2,21,600,100,5000
1911,ITALY:  ETNA,7.3,30,23,,15
1911,"ALBANIA:  KORCE, STAROVE, POGRADEC, SALXHIJAS",6.7,1223,20000,380,66800
1911,MEXICO:  NEAR COAST OF GUERRERO,7.9,2306,162,,1
1912,GREECE:  ASPROGERAKAS (KEPHALLENIA),6.2,5,200,5000,1
1912,ICELAND,7.6,300,600,17,100000
1912,MEXICO:  GUADALAJARA,7.8,3,3,3333,103
1912,"MYANMAR (BURMA):  MANDALAY, MOGOK, MAYMYO",6,2,2,,8
1912,"SANRIKU, JAPAN",6.4,17,2,13,87000
1912,UGANDA: KITGUM,7,300,100,2043,1445
1912,"PERU:  HUANCABAMBA,CAJAMARCA; ECUADOR:  GUAYAQUIL",6.6,2,2,,3
1912,TURKEY:  MARMARA SEA,7.9,3,17,500,131
1912,MEXICO:  ACAMBAY-TIXMADEJE,8.1,264,2,,
1912,ARGENTINA:   SANTIAGO DEL ESTERO PROVINCE,7.8,1362,2,2,300
1913,RUSSIA:  KURIL ISLANDS,7.2,1,139,,4
1913,TASMAN SEA,7,3,489,,400
1913,"ECUADOR:  GONZANAMA, SAN PEDRO, MOLLETURE",7.5,2,400,400,75
1913,PERU:  AREQUIPA,4.9,800,12,4,40000
1913,RUSSIA:  KURIL ISLANDS,7.7,4,2,,6000
1913,"PERU:  CARAVELI, CHUQUIBAMBA, OCONA, ATICO",6,110,2,7,6
1913,CHINA:  SICHUAN PROVINCE,6.3,5131,100,4,650
1913,PANAMA: AZUERO PENINSULA,6.6,6,200,,797
1913,PAPUA NEW GUINEA,6.3,110000,5,268,360
1913,VANUATU ISLANDS,6.5,3,2,,186175
1913,"PERU:  AMYARAES, ABANCAY, CASAYA, SORAYA",5.6,4,12,2,7
1913,VANUATU ISLANDS,7.8,21,1500,4,2000
1913,CHINA:  YUNNAN PROVINCE,6.4,8,3000,,70
1914,PERU:  CALLAO,5.5,57,390,,25
1914,JAPAN:  SAKURIJIMA,8,3500,2,,100000
1914,ITALY:  LIGURIAN COAST,5.8,7,2,50,4500
1914,INDONESIA:  NEW GUINEA:  IRIAN JAYA:  JAPEN,6.8,1,60,40,959000
1914,TURKEY:  GEMEREK,7.5,83,26,4,5043
1914,ECUADOR:  MONTE PULLERINA,7.8,16,41,,15314
1914,INDONESIA:  SUMATERA,7.3,300,28,4,14000
1914,CHINA:  XINJIANG WEIWUER ZIZHIQU PROVINCE(SINKIANG),7.5,100,47,,5500
1914,"PERU:  CARAVELI,NAZCA,ICA,ATICO",6,1530,12,,60
1914,"TURKEY:  BURDUR, KILINC, KECIBORLU, ISPARTA",7.7,1,4,3000,12000
1914,NEW ZEALAND:  NORTH ISLAND,7.7,4,2,29,4000
1914,GREECE:  THEBES,7.5,1100,1142,,23
1914,"MICRONESIA, FED. STATES OF:  CAROLINE ISLANDS",7.3,1,2200,4,2000
1914,JAPAN:  VOLCANO ISLANDS,6.8,50,30,2,2
1914,GREECE:  LEUKAS ISLAND,7.9,68,2,30,10533
1914,"PERU:  PARARCA,PAYSA,COLTA,OYALA",7.5,17,3,279,8546
1915,"ITALY:  MARSICA, AVEZZANO, ABRUZZI",7.6,103,1436,97,
1915,JAPAN:  SW RYUKYU ISLANDS,5.5,33,483,100,80000
1915,RUSSIA:  KURIL ISLANDS,8.3,3,89,3,650
1915,"PHILIPPINES:  SABTAN,BATAN",8.3,12,35,,5000
1915,INDONESIA:  KAIMANA,7.1,2,13,,1
1915,PERU:  S,6.4,2,2,4,70000
1915,CALIFORNIA:  EL CENTRO,7.8,20,2,,8094
1915,RUSSIA:  OFF KAMCHATKA,8.1,,3,,35
1915,"GREECE:  KEFALLONIA ISLAND, ITHACA ISLAND",7.8,13,200,,2000
1915,EL SALVADOR,7.4,2,100,17,
1915,ERITREA: ASMARA,8.3,970,63,21,
1916,PAPUA NEW GUINEA:  SOLOMON ISLANDS,7,2,238,500,
1916,"PHILIPPINES:  PANAY:  PANAY,MAASIN",6.9,1,80,2539,12000
1916,INDONESIA:  NEW GUINEA:  IRIAN JAYA,5.6,3,2575,42,1000
1916,INDONESIA:  NEW GUINEA:  IRIAN JAYA,7.8,6,1,,84
1916,TURKEY,7.7,6,25,,7000
1916,COSTA RICA-PANAMA,6.2,25,300,,3
1916,JAPAN:  DUDA,8,31,11,3188,21100
1916,ALASKA:  ALEUTIAN ISLANDS,7,,38,200,800
1916,NICARAGUA:  OFF COAST,5.8,13,2,,7
1916,ALASKA:  ALEUTIAN ISLANDS:  FOX ISLANDS,7.8,1,162,,700
1916,JAPAN:  OFF EAST COAST HONSHU,6.2,1243,7,,53000
1916,DOMINICAN REPUBLIC:  SANTO DOMINIGO,8.3,2,30000,18,8200
1916,"PANAMA:  ALMIRANTE, BOCAS DEL TORO",6,400,2,3,15
1916,ARGENTINA,5.6,39,80,4,30
1916,ITALY:  STROMBOLI ISLAND,7.5,8,2,,4
1916,PAPUA NEW GUINEA:  N COAST,7.7,7,1,36,90
1916,ITALY:  RIMINI,6.2,4,14,297,
1916,BOLIVIA-NORTHERN CHILE,5.9,10,3,,30
1916,NEPAL; TIBET (XIZANG PROVINCE),7.5,22,170,39,41000
1916,TAIWAN,4.8,2,30,,100
1916,INDONESIA:  JAVA,5.2,2,100,,23000
1916,BALKANS NW:  SLOVENIA:  GORNJI GRAD,7.5,4,5,4,1
1916,RUSSIA:  KURIL ISLANDS,7.8,148,45,,
1916,VENEZUELA: OCUMARE DE LA COSTA DE ORO,7.6,3,2,,357
1916,TAIWAN,7.2,100,4,,6
1917,TAIWAN:  PULI,7.6,53,558,,130
1917,INDONESIA:  BALI,7.6,38,300,10000,108226
1917,CHINA:  ANHUI PROVINCE:,6.9,156,1,,339000
1917,CHINA:  FUJIAN PROVINCE: OFF COAST,7.6,410,10000,,41302
1917,BALKANS NW:  SLOVENIA:  BREZICE,6.4,13,1,,60000
1917,RUSSIA:  KAMCHATKA,6.3,11,44,,1
1917,"PHILIPPINES:  S MINDANAO:  GLAN,GLAN PADIDU,TUYAN",6,2,2,3,22399
1917,ITALY:  CITERNA,6,2,60,200,
1917,KERMADEC ISLANDS,5.1,18,7,,200
1917,TAIWAN,7.6,52,25,2,2
1917,ALASKA:  ALASKA PENINSULA,7.4,1100,5,3,3400
1917,ITALY:  CENTRAL,7.5,65,22,,1
1917,EL SALVADOR:  SAN SALVADOR,8.7,30,2,3,400
1917,SAMOA ISLANDS,7.5,1200,50,,166
1917,TAIWAN:  NE OF TAIWAN,6.3,28,3,75,1500
1917,PAPUA NEW GUINEA,7.2,111,112,,100
1917,CHINA:  YUNNAN PROVINCE,8.3,132,1,,160
1917,CHINA:  JILIN PROVINCE,5.5,4,2,,19
1917,INDONESIA:  BANDA SEA,6.1,7,12,5,2
1917,"COLOMBIA:  BOGOTA, UBAQUE, SOACHA, CAQUEZA",6.8,16,200,4,27
1917,ITALY:  S,7.7,8,108,3,
1917,ITALY:  CENTRAL,7.2,2,66,,2
1917,KERMADEC ISLANDS:  S OF,7.3,1,3,,1000
1917,GUATEMALA:  GUATEMALA CITY,7.2,1,100,120,100
1917,MEXICO:  NEAR OAXACA COAST,7,16,2,3,17
1918,GUATEMALA:  GUATEMALA CITY,6,28,1,,2
1918,RUSSIA:  E COAST OF,5.5,25,42,,15
1918,PHILIPPINES:  MINDANAO,7.9,2,3900,9300,
1918,CHINA:  GUANGDONG PROVINCE,7.7,18,1,30,2005
1918,CALIFORNIA,6.9,2,1,,71000
1918,CHILE:  NORTHERN,6.4,63,100,,
1918,PAPUA NEW GUINEA:  N COAST,6.7,63,42,,718
1918,BANGLADESH:  SRIMANGAL,7.5,47,91,2,1600
1918,CHINA:  YUNNAN PROVINCE,7.1,13100,2,10600,19000
1918,PHILIPPINES:  MINDANAO:  COTABATO,7.1,420,125,,28
1918,RUSSIA:  KURIL ISLANDS,6.2,2000,151,,3500
1918,"PHILIPPINES:  BATANES:  IVANA,SABTAN,SAN VICENTE",5.9,8,3757,2,264878
1918,PUERTO RICO:  MONA PASSAGE,6.9,1,193,4,10
1918,PUERTO RICO,6.8,24,245,6,500
1918,RUSSIA:  KURIL ISLANDS,5.6,2,161,,7900
1918,PUERTO RICO,8.3,2,45,,300
1918,INDONESIA:  BANDA SEA,6.5,2,100,,12000
1918,CHILE:  COPIAPO,5.3,2,1,,10000
1918,IRAN:  BAJESTAN,7.8,160,3,20,10
1919,PHILIPPINES:  MINDANAO ISLAND,7.6,60,40,3,600
1919,FIJI ISLANDS,7.3,2,2,60,1
1919,"PHILIPPINES:  NW PANAY, SW TABLAS, CARABAO I",7.5,10,2,690,4
1919,EL SALVADOR:  SAN SALVADOR,7.3,2,2,4,769
1919,TONGA ISLANDS,6.8,23,25,2,5
1919,JAPAN:  OFF EAST COAST HONSHU,5.8,4,2049,28,
1919,PAPUA NEW GUINEA:  SOLOMON ISLANDS,6.8,1,16,60000,40
1919,ITALY:  N,7,15,8130,15,6000
1919,NICARAGUA:  GULF OF FONSECA,7.6,1,700,,2678
1919,TANZANIA: RUKWA,6.8,20,15,4,1420
1919,"VENEZUELA: LARA, MARACAIBO",7.1,9,1,8,3
1919,"FIJI ISLANDS:  RABI,TUNULOA MISSION,SUVASAVU",6.8,1,105000,300,2539
1919,ITALY:  TYRRHENIAN SEA,6.3,4,3,2,100
1919,ITALY:  CENTRAL,6.7,3,3000,,45
1919,INDONESIA:  IRIAN JAYA REGION,6.8,47,2,,12
1919,ITALY:  S,5.9,16,2,100,
1919,"GREECE-ALBANIA:  IOANNINA,KONITSA",6.7,1,10,,3880
1920,"MEXICO:  VERACRUZ: COZAUTLAN, PUEBLA: PATLANALA",7.5,12225,5,250,18556
1920,INDONESIA:  N. MOLUCCAS ISLANDS,5.8,1,6,,19
1920,PAPUA NEW GUINEA:  NEW BRITAIN,7.3,6,92,169,12
1920,"GEORGIA:  CAUCASUS:  GORI, TIFLIS",7,15,250,,6000
1920,TAIWAN,5.5,300,90,,5
1920,CHILE:  OFF COAST CENTRAL,5.5,4,32,12,781
1920,"ITALY:  CARRARA,GARFAGNANA",7.5,1070,2,,10
1920,NEW CALEDONIA:  LOYALTY ISLANDS,7.5,5,200,2,8
1920,"ALBANIA:  TEPELENE, DRAGOTI, PESHTANI, MARICAJ",7,1,3,3,328
1920,"CHINA:  GANSU PROVINCE, SHANXI PROVINCE",5.8,80,60,30,
1920,ARGENTINA:  MENDOZA,7.5,1,350,1,8000
1920,"ALBANIA:  ELBASAN, PEQIN",5.3,1,200,2,65
1921,ITALY:  N,5.8,8,2,,300
1921,UTAH:  ELSINORE,5.8,4,181,34,6
1921,INDONESIA:  NEW GUINEA:  IRIAN JAYA:  SENTANI,7.3,71,30,390,100
1921,PHILIPPINES:  E MINDANAO:  MANAY,6,20,30,3,1
1921,PHILIPPINES:  MINDANAO:  E,5,38,200,,294
1921,AFGHANISTAN:  HINDU KUSH,5.9,400,1800,326,
1921,ITALY:  CENTRAL,7.6,6,2,,
1921,PERU,6,32,40,,4
1922,PERU,7.3,1,70,5,5453
1922,"COLOMBIA:  CAQUETA, PUTUMAYO",6.3,7,1,4,1
1922,PERU,6.9,125,3,92,3
1922,PAPUA NEW GUINEA:  BISMARCK SEA,6.9,1,50,,3
1922,PHILIPPINES:  CEBU I:  CEBU; MACTAN I,6.8,6,2000,,
1922,CALIFORNIA:  NORTHERN,6.8,1,45,6,
1922,NICARAGUA,4.9,10,2,,
1922,INDONESIA:  BANDA,5.7,7,4,224,20
1922,"PHILIPPINES:  CEBU ISLAND, MACTAN ISLAND",7.1,157,100,,
1922,"PHILIPPINES:  SIATON,ZAMBOANGUITA",7.3,4,2,,680
1922,BALKANS NW:  SERBIA,7.1,80,400,,
1922,SW. SUMATRA,5.5,,200,,
1922,ITALY:  N,6.3,12,11,17,
1922,"LHOKNGA, ACEH",7.5,15,37,,43719
1922,"ALGERIA: BORDJ ABOU EL HASEN, DAHRA",6.9,2394,6512,,9
1922,TAIWAN,5.8,1,2,20,13556
1922,PERU:  CARAVELI,7.7,6,115,,52
1922,RUSSIA:  KURIL ISLANDS,6,110,500,,
1922,CHILE:  NORTHERN,5,1,3,30000,12
1922,CHILE:  ATACAMA,8.1,3,201,5,
1922,AFGHANISTAN:  HINDU KUSH,7.5,98,3,,11
1922,JAPAN:  KYUSHU,7.7,54,49,2,52154
1922,SE. NEW ZEALAND,5.8,58,9,,5
1923,CALIFORNIA:  NORTHERN,6.5,14,233,3,56425
1923,RUSSIA:  KAMCHATKA,6.9,9,9,37,76
1923,IRAN:  BODZHNURD,6.8,10,4,2,1
1923,VIETNAM: THUAN HAI PROVINCE,7.8,86,3,,
1923,ECUADOR,7,97,30000,,
1923,RUSSIA:  KAMCHATKA PENINSULA,6,20,200,,99
1923,PHILIPPINES:  MINDANAO ISLAND,5,300,1,,
1923,BALKANS NW:  CROATIA:  PODGORA,5.2,1,1,,1
1923,CHINA:  SICHUAN PROVINCE,6.8,2,1,3,12323
1923,RUSSIA:  NEAR KAMCHATKA,4.3,18,7000,,400000
1923,CHILE:  VALLENAR,7.3,180,300,,
1923,ITALY:  CENTRAL,7,1,2000,,1156
1923,INDONESIA:  JAVA:  MAOS,7.7,216,50,3,45
1923,IRAN:  TURBAT-HAKLARI,7,8,330,,90
1923,"KASHIMA, JAPAN",5.8,20,2,9,1200
1923,"PHILIPPINES:  BUTUAN, CAMIGUIN ISLAND",5.6,3,100,3,231
1923,CHILE:  NORTHERN,7.6,1,400,2,
1923,"JAPAN:  TOKYO, YOKOHAMA",7.1,1,382,,12423
1923,JAPAN:  NEAR S COAST HONSHU,7.6,1,52,,3487
1923,BANGLADESH:  MYMENSINGH,7.3,38,225,,19
1923,IRAN:  QALEH JAQ KMEN:  BODZHNURD,7.7,52,200,1,19
1923,IRAN:  SIRJAN,6,3,2,,518
1923,INDONESIA:  DJAILOLO GILOLO,6.9,15,43792,,
1923,PAPUA NEW GUINEA:   BISMARCK ARCHIPELAGO,5.5,270,400,730,
1923,PAPUA NEW GUINEA:   BISMARCK ARCHIPELAGO,7.1,18,5,3,
1923,COLOMBIA:  IPIALES,7.8,10488,4,,15000
1923,ITALY:  S,7.2,700,750,,200
1923,"COLOMBIA:  GACHALA,GACHETA,UBALA,MEDINA",6.5,24,60,,135
1924,JAPAN:  SAGAMI,6.8,3,136,1,
1924,ECUADOR,7,2,60,,440
1924,RUSSIA:  SAKHALIN ISLAND,7.2,20,58,6,
1924,ALGERIA:  BATNA,7.5,1,100,1768,
1924,"PHILIPPINES: E MINDANAO: MATI,SURIGA",8.1,50,348,,1111
1924,PHILIPPINES:  AGNO,5.9,4,5,90,
1924,TURKEY:  ERZURUM,6.2,64,1868,200,
1924,AUSTRALIA:  MACQUARIE ISLAND,6.3,25,200,,97294
1924,RUSSIA:  KURIL ISLANDS,7.5,53,1,,200
1924,CHINA: XINJIANG,7.2,40,800,,287
1924,AUSTRALIA:  MACQUARIE ISLAND:  NORTH OF,7.8,2,47,3,15000
1924,ICELAND: REYKJAVIK,5.5,1,17057,3,2000
1924,"PHILIPPINES:  MINDANAO:  SURIGAO,BUTUAN",5.6,10,423,,17
1924,TURKEY:  ERZURUM,6.7,3000,128,,700
1924,ITALY:  CENTRAL,7.3,12,100,,1000
1924,INDONESIA:  JAVA,7.1,150,330,,3
1924,ITALY:  CENTRAL,6,1,560,,100000
1924,INDONESIA:  JAVA:  WONOSOBO,6,14,40,1000,1039
1925,INDONESIA:  BANDA SEA,7.1,9,1948,,2473
1925,TURKEY:  ARDAHAN,5.6,10000,2600,,7
1925,ALASKA:  GULF OF ALASKA,6.5,3,6,1,100
1925,ITALY:  N,6.5,12,3,5,
1925,CHINA:  YUNNAN PROVINCE:  TALIFU,5.5,5,89,,6000
1925,ITALY:  CENTRAL,5.2,26,4,11,5739
1925,VANUATU ISLANDS,6.5,1086,1,285,134
1925,"W. LUZON ISLAND, PHILIPPINES",6.3,15,2300,,
1925,ITALY:  CENTRAL,6.6,6694,11,3,2
1925,CHILE:  NORTHERN,5,1,1000,7739,15000
1925,JAPAN:  HONSHU:  TAJIMA,6,220,522,,10
1925,PHILIPPINES:  LUZON:  W,6,1,46,4,55
1925,MONTANA:  CLARKSTON VALLEY,7.1,15,100,,800
1925,CALIFORNIA:  SANTA BARBARA,5,82,300,,50
1925,ITALY:  S,7.3,24,300,,143
1925,TURKEY:  DINAR,6.3,65,200,2381,6768
1925,NICARAGUA:  MANAGUA,5.5,1,11500,3,
1925,NORTH ATLANTIC RIDGE,6.5,1,1,20,471
1925,CHINA:  YUNNAN PROVINCE,6,100,818,,37000
1925,"PHILIPPINES:  SAMAR I,  LAOANG I, BATAG I",6,1000,11,,2769
1925,S. MEXICO,5.3,1,50,,251
1925,ITALY:  N,7.9,1,30,5500,15
1925,IRAN:  BAJESTAN,7.6,83,150,3,8
1925,"IRAN:  AHRAM,DOMRUBAH,MAHMUDABADI,AB GARM",5.8,2,3,4,30
1926,SOLOMON ISLANDS:  GUADALCANAL,7.7,2,1500,2,
1926,HAWAII,7.1,1,100,,
1926,SOLOMON ISLANDS,6.9,1,27,,50
1926,ITALY:  S,7.7,5,40,,1136
1926,GREECE:  RHODES ISLAND; LOWER EGYPT,7.1,1,7,,50
1926,INDONESIA:  SUMATERA,6.9,1,17,1,20401
1926,ITALY:  N,5.6,1,105,300,1
1926,JAPAN:  RYUKYU ISLANDS,6.3,7,1543,,1968
1926,INDONESIA:  SUMATRA,6,5374,107,,
1926,ITALY:  SALINA ISLAND,7,4,3,264,
1926,AZORES:  FAYAL ISLAND,8,2,4750,,600
1926,SOLOMON ISLANDS,7.4,11,4,840,3
1926,AUSTRALIA:  MACQUARIE ISLAND:  NORTH OF,7,100,500,,32638
1926,"BALKANS NW:  MONTENEGRO: BERANE, CRNA GORA",7.4,10000,2,2,
1926,TURKEY; ARMENIA,7.8,56,394,,250
1926,INDONESIA:  NEW GUINEA:  IRIAN JAYA,7.7,15,50,,
1926,"NICARAGUA:  MANAGUA,GRANADA,MASAYA,CHINANDEGA",7.5,26,100,,
1926,CHINA:  YUNNAN PROVINCE,6.8,1,18,400,21
1926,CHILE:  VALLENAR,6.7,600,200,,168
1926,"INDONESIA:  JAVA:  PRUPUK,MARGARSARI,DUBUKTENGAH",6,1,40,2,1
1926,ALBANIA:  DURRES,6.2,1,200,14259,
1926,PORTUGAL:  LISBON,6,10,50000,,20
1926,MOROCCO:  FES (FEZ),7.4,2,166,,45
1927,"CALIFORNIA, MEXICO",5.4,4,1600,1,25800
1927,JAPAN:  HONSHU:  SW,7.6,30,422,,13
1927,CHINA:  YUNNAN PROVINCE:  XUNDIAN,7.9,20000,8700,3,330
1927,CHINA:  YUNNAN PROVINCE:  XINPING,8.1,5,215,,160
1927,ITALY:  S,7.8,11,1,2,1
1927,BALKANS NW:  SERBIA,7.7,2,254,3,106
1927,CHINA:  GANSU PROVINCE,7,78,3,500,1
1927,ITALY:  N,6.8,5300,4,4,30
1927,UKRAINE:  CRIMEA:  SEBASTOPOL,6.9,47,171,,45
1927,GREECE:  OETYLOS (LACONIA),6.2,300,4948,74,434
1927,ISRAEL; JORDAN: DAMIYA,7.5,1,5,3,
1927,"SANRIKU, JAPAN",7.2,7,100,,39
1927,BALKANS NW:  SLOVENIA,7.6,2,6,,
1927,ITALY:  CENTRAL,5,3,40,3,155
1927,"KASHIMA, JAPAN",7.6,1,220,,498852
1927,TAIWAN,8.4,1,175,2,3000
1927,UKRAINE:  CRIMEA:  SEBASTOPOL,6.3,2311,3,4,3
1927,UKRAINE:  CRIMEA:  SEBASTOPOL,6.4,2,2528,,1
1927,UKRAINE:  CRIMEA:  SEBASTOPOL,6.9,1,15,110000,2305
1927,ITALY:  S,7.5,1,1,2,15
1927,ALASKA:  SE ALASKA,5.8,23000,264,3,29230
1927,ITALY:  N,7.5,4,13,3,1
1927,CALIFORNIA:  S:  OFF COAST,5,49,2174,,1
1927,ITALY:  N,6.9,2,80,8,
1927,CHILE:  SOUTHERN,5.5,10,36,57,2
1927,ITALY:  N,7.7,4,3,,
1927,CHINA:  YUNNAN PROVINCE:  FUMIN,6.3,978,42,3500,80000
1927,INDONESIA:  SULAWESI:  DONGGALA,6,6000,2,3,6998
1927,RUSSIA:  KAMCHATKA,8,5,1,6000,
1928,KENYA: SUBUKIA,6.3,573,2,3,605
1928,ITALY:  CENTRAL,7.9,242769,1,,1172
1928,"FRANCE:  CAURO,COTI-CHIAVARI",7.5,1200,1,,8
1928,BRITISH COLUMBIA,6.6,4,406,1,6
1928,"MEXICO:  OAXACA,COLIMA,PUEBLA,GUERRERO,MORELOS",7.7,5,4,3,7
1928,"ITALY:  SICILY,CALABRIA",7.8,11,1,,2
1928,IRAN:  NEHBANDAN,7.1,133,4,30,8
1928,INDIAN OCEAN:  S,6.5,17,2,,245
1928,NEW CALEDONIA:  LOYALTY ISLANDS,7,5000,430,,1
1928,MEXICO:  OAXACA,6.9,1,41,,10
1928,ITALY:  TOLMEZZO,7.1,4,4723,1,3
1928,"TURKEY:  TEPEKOY, TORBALI",6.4,2,166836,300,
1928,PERU,6.7,1641,3399,100,215
1928,BULGARIA:  CHIRPAN,6,1,3,1530,13
1928,MEXICO:  OAXACA,6.4,167,109,,6
1928,BULGARIA:  POPOVITSA,6,30,400,,7
1928,GREECE:  CORINTH (CORINTHIA),6,366,161,,
1928,GREECE:  AEGEAN SEA,6.1,34,605,,3015
1928,GREECE,6,18,20,2,25
1928,PERU:  ESQUILAYA,7.5,3,2713,,10
1928,TURKEY:  WESTERN,5.8,3,1,1100,4
1928,"PERU:  CHACAHPOYAS,HUANCABAMBA,CAJAMARCA,PINPINCOS",6.3,1,30,1,735
1928,TONGA ISLANDS:  LIFUKA ISLAND,6.5,3,1,,100
1928,"SANRIKU, JAPAN",6.1,70,15,,32
1928,PHILIPPINES:  SW MINDORO,7.6,584,2,,47468
1928,MEXICO:  OAXACA,7.8,25,220,,226
1928,PERU,6.2,2,1,8,11
1928,CHINA: SICHUAN PROVINCE,6,1,50,3,11
1928,IRAN:  SHIRVAN,6.8,1,318,,15500
1928,MEXICO:  OAXACA,6.5,5,30,2,8
1928,CHILE:  NORTHERN,7.6,28,100,,259
1928,"CHILE:  TALCA, CHILLAN, SANTIAGO, SAN FERNANDO",6,50,200,2,4
1928,"PHILIPPINES:  COTABATO,N COAST OF ILLANA BAY",7.9,17,200,33,
1929,RUSSIA:  KURIL ISLANDS,5.6,20000,150,113,1
1929,CHINA:  NEI MONGOL,6.8,26,2,,1
1929,VENEZUELA: CUMANA,7.7,9,60,,2
1929,MYANMAR (BURMA):  HTAWGAW,6.8,76,56,,5448
1929,AFGHANISTAN:  HINDU KUSH,6.8,2,52,12,3673
1929,ALASKA:  ALEUTIAN ISLANDS:  FOX ISLANDS,7.2,129,1,54,2102
1929,IRAN:  KOPET-DAGH,6.1,18,2,90,7
1929,TURKEY:  SUSEHRI,5,5,1,,117
1929,JAPAN:  HIUGANADA,7.3,130,1300,,17
1929,CANADA: QUEEN CHARLOTTE ISLANDS,6,22,2,,10
1929,MYANMAR (BURMA):  MYITKYINA,5.5,42,20,,28
1929,"PHILIPPINES:  MINDANAO:  HINATUAN,EBRO",7.2,15,70,13,5
1929,NEW ZEALAND:  SOUTH ISLAND,7.3,5,1,,9
1929,SOUTH SANDWICH ISLANDS,5.5,2,1,1070,1
1929,IRAN:  FARUJ,7.3,4,2,,843
1929,"IRAN:  MASJED SOLEYMAN,ANDARKAH",7.5,30,632,,1
1929,ICELAND,5.2,1,1,4,1046
1929,ECUADOR:  MURCO,7.6,171,135,,
1929,NEW YORK:  ATTICA,8.1,72,40,4,
1929,CHILE,7.2,20,65,2,59
1929,CANADA:  GRAND BANKS,7,600,4,7,1176
1929,ALASKA:  ALEUTIAN ISLANDS:  NEAR ISLANDS,7.5,8,40,1,13
1930,CHINA:  JIANGSU PROVINCE,5,27,2,,132
1930,"ALBANIA: KORCE, POLENA, LAVDAR, MOSKOPOJE, SHIPSKE",7.2,69,2,2,1756
1930,GREECE:  AITANIA-VATHIA (CRETE),7.2,1,3,6,506
1930,SPAIN:  OFF SOUTHERN COAST,7,1,300,,22363
1930,ITALY:  FILICUDI ISLAND,7.4,1,2,,16
1930,NICARAGUA:  MANAGUA,6.5,1,4000,,11000
1930,"MYANMAR (BURMA):  PEGU, RANGOON",8.5,200,20,,4546
1930,IRAN:  SALMAS,7,2,2,,4
1930,CHINA:  YUNNAN PROVINCE,6.3,8,521,,76
1930,JAVA-S. JAVA SEA,6.6,15,3,2,
1930,"BANGLADESH:  DHUBRI,ASSAM",7.5,2,11000,,255
1930,SPAIN:  MONTILLA,6,5000,4,,6305
1930,MYANMAR (BURMA):  THARRAWADDY,7.6,300,7,1,
1930,S. JAVA SEA,6.1,7,200,3,
1930,ITALY:  IRPINIA,7.6,4689,1,,138
1930,CHINA:  SICHUAN PROVINCE,7,26,25,,1500
1930,CALIFORNIA:  SOUTHERN,7.7,3,584,,1150
1930,INDONESIA:  AMURANG ISLAND,7.6,305,4,,798
1930,CHINA:  YUNNAN PROVINCE:,7.5,150,1,,85
1930,TAJIKISTAN:  DUSHANBE (STALINABAD),7.1,12,25,,6
1930,PAPUA NEW GUINEA:  BISMARCK SEA,8.2,22,2,,34
1930,"IRAN:  AH,MOBARAKABAD,AB ALI,SARPURAK",6,1,1000,2,53815
1930,ITALY:  SENIGALLIA,7,2,1,,809
1930,MONGOLIA,5.3,8,15,4,772
1930,"ALBANIA:  VLORE, HIMARE, KUC",8.3,1400,4,,366
1930,JAPAN:  HONSHU:  IDU,7.7,10,5,,3
1930,"ALBANIA:  VLORE, TEPELENE",6.6,10,32,,1
1930,MYANMAR (BURMA):  PYU,7.4,3000,43,,1975
1930,ITALY:  CENTRAL,7.9,220,30,,800
1930,TAIWAN:  TAINAN,7,1,65,,190
1930,TAIWAN:  TAINAN,6.5,15,21,3,2
1930,PAPUA NEW GUINEA:  BISMARCK SEA,6.7,3,4,,103
1930,ARGENTINA:  LA POMA,6.4,6,47,,217
1930,CHILE:  NORTHERN,5.6,110,1,,
1931,GREECE:  CORINTH-ISTHMIA (CORINTHIA),5.5,10,1,,4
1931,MEXICO:  OAXACA,6.5,3,40,,
1931,ITALY:  N,5.9,9,75,,1900
1931,MYANMAR (BURMA):  KACHIN,6.9,10,30000,,3
1931,ALBANIA:  KORCE,8,43,29,,856
1931,MYANMAR (BURMA):  KAMAING,7.8,3,1,,2
1931,ITALY:  N,4.8,1,1,,139
1931,NEW ZEALAND:  HAWKE BAY,6,2800,682,,635
1931,NEW ZEALAND:  N,6,500,2,,150
1931,NEW ZEALAND:  N,6,13,40,,
1931,GREECE,7.2,12,7,56,370
1931,JAPAN:  NEAR E COAST HONSHU,8.2,30,1,,100000
1931,CHILE:  CENTRAL,5.5,350,926,156,4
1942,SOUTH AFRICA:  PRINCE EDWARD ISLAND,5,5,103,,
1942,MEXICO:  JUCHITAN,6.8,12,2,,
1942,"TURKEY:  BALIKESIR,BIGADIC",6.5,1,1,,
1942,"TURKEY:  KASTAMONU, KARGI",7,105,5,3,
1942,TURKEY:  CORUM,7.8,4700,1,18,
1942,TURKEY,7.6,145,1,,
1942,"TURKEY:  NIKSAR, ERBAA",6.2,10,1,4,
1942,BALKANS NW:  CROATIA,7.5,5,112,,
1943,BALKANS NW:  BOSNIA-HERZEGOVINA,7,3,1,1500,
1943,ECUADOR:  GUAYAQUIL,6.2,3,1,3,
1943,"PERU:  YANACOA, PAMPAMARCA",7.1,1,4,3,
1943,MEXICO:  GUERRERO: PARICUTIN VOLCANO FORMS,6,1,1,,
1943,CHINA: XINJIANG WEIWUER ZIZHIQU PROVINCE,6.5,5,13,2,
1943,CHILE:  ILLAPEL,7.3,5,14,,
1943,ALGERIA:  MANSOURAH,6,41,12,,
1943,ITALY:  CENTRAL,6.8,1185,2,,
1943,PHILIPPINES:  E OF,6,70,3,2,
1943,INDONESIA:  S SUMATERA,5.8,1,1,,
1943,"SE. HOKKAIDO ISLAND, JAPAN",6.5,100,350,4,
1943,"TURKEY:  HENDEK, ADAPAZARI",6.3,1,1,3,
1943,CHINA:  SICHUAN PROVINCE,6.8,26,1,2,
1943,INDONESIA:   JAVA:  JOGYAKARTA,5.8,1,13,,
1943,PUERTO RICO:  SAN JUAN,7.3,20,1,,
1943,AUSTRALIA:  MACQUARIE ISLAND,6.5,2,394,1,
1943,JAPAN:  HONSHU:  S,7.1,6,4,3,
1943,NEW CALEDONIA:  LOYALTY ISLANDS,7,17118,2,,
1943,KERMADEC ISLANDS:  S OF,5.8,1,3000,,
1943,MYANMAR (BURMA),7.3,143,43,4,
1943,INDONESIA:  NEW GUINEA:  IRIAN JAYA:  ARU ISLANDS,7.3,7,1,,
1943,"TURKEY:  LADIK, SAMSUN, HAVZA",4.5,2297,20,10762,
1943,RUSSIA:  KAMCHATKA,5.8,35,821,4,
1943,TURKEY:  ANATOLIA: NE,5.3,1,155,,
1944,ARGENTINA:  SAN JUAN PROVINCE,5.8,2,230,,
1944,TURKEY,7.5,894,12,12,
1944,CHINA:  XINJIANG PROVINCE,7.6,1,11,,
1944,INDONESIA:  FLORES,7.7,5,15,1,
1944,IRAN:  GORGAN,6.8,1,2,,
1944,PAPUA NEW GUINEA:  NEW IRELAND,7,5,3,,
1944,TURKEY:  USAK,7.5,5,2,,
1944,GREECE:  KAMPOS (LACONIA),6,24,3,,
1944,NEW YORK:  MASSENA,6.5,5,86,,
1944,ECUADOR: COTOPAXI,5,1,850,,
1944,CHINA:  XINJIANG,7.6,54,1,10000,
1944,NEW CALEDONIA:  LOYALTY ISLANDS,6.4,3,300,3,
1944,TURKEY:  AYVALIK,5.7,103,1,12,
1944,VANUATU ISLANDS,5,2,200,,
1944,JAPAN:  OFF SOUTHEAST COAST KII PENINSULA,5.6,1,11470,5,
1945,JAPAN:  HONSHU:  S,7.2,2,141,2,
1945,"SANRIKU, JAPAN",7,1,90,4,
1945,UGANDA: MASAKA,8.6,7,20,2,
1945,"TURKEY:  AELANA, CEYHAN, ADANA",7.5,1,1,,
1945,"IRAN:  GARMSAR,KERAND,BANKUH",7.5,2,1,,
1945,TURKEY,7.5,31,21,4,
1945,"TURKEY:  VAN,BOLGESI",6.9,11,3,,
1945,CAMEROON:  CONGO; CENTRAL AFRICAN REPUBLIC,7.3,6,2532,150,
1945,CHINA:  HEBEI PROVINCE,7.1,844,1,13,
1945,PAKISTAN:  MAKRAN COAST,5,20005,1,3,
1945,"TURKEY:  DENIZLI, BURDUR",7.3,315,1,1,
1945,PAPUA NEW GUINEA:  NEW BRITAIN,7.6,3,1001,8,
1946,IRAN:  GIV (SE BIRJAND),6.6,1,2,104,
1946,ALGERIA:  HODNA MOUNTAINS,7.9,2,1,,
1946,"TURKEY:  IIGIN, KONYA",7,1,24,2,
1946,IRAN:  KAZERUN,7.6,2,11,3,
1946,ALASKA:  UNIMAK ISLAND,7.5,4,619,,
1946,TURKEY:  USTUKRAN,6,77,50,,
1946,BRITISH COLUMBIA,7.8,1,1,4,
1946,CHILE:  NORTHERN,8.1,4,976,4,
1946,DOMINICAN REPUBLIC:  NORTHEASTERN COAST,6.5,1,2,1,
1946,DOMINICAN REPUBLIC:  NORTHEASTERN COAST,7.8,3,1,,
1946,MYANMAR (BURMA),7.3,1,200,1,
1946,MYANMAR (BURMA),7.6,44,30,100,
1946,PAPUA NEW GUINEA:  NEW IRELAND,6.9,1,4,1000,
1946,PERU:  PISCO,6.2,166,1,,
1946,ALASKA:  EAST ALEUTIAN ISLANDS,7.5,15,1,3,
1946,KYRGYZSTAN,6.7,1000,2,1,
1946,TURKMENISTAN,7.8,5,250,4,
1946,"PERU: JOCAIBAMBA,CERRO ANGASCHAJ,CERRO SILLAPATA",7.5,50,32,1,
1946,TAIWAN,6.7,1,70,2,
1946,JAPAN:  HONSHU:  S COAST,6.8,2,310,1,
1947,EL SALVADOR:  LA UNION,5.2,5,4,,
1947,CHINA:  QINGHAI PROVINCE,5.8,2,33,1,
1947,NEW ZEALAND:  OFF COAST NORTH ISLAND,6.7,261,3,,
1947,CHINA:  YUNNAN PROVINCE,6.1,48,1,,
1947,CALIFORNIA,8.3,2,420,,
1947,PAPUA NEW GUINEA:  NEW BRITAIN,7.4,4,3143,,
1947,NEW ZEALAND:  OFF COAST NORTH ISLAND,5.5,2,17,5,
1947,CHINA:  SICHUAN PROVINCE,5,8,8,1,
1947,IRAN:  SHIRVAN,6.3,2,1,5,
1947,COLOMBIA:  PASTO,7.5,30,1,,
1947,INDIA-CHINA,8.2,11,257,2,
1947,PAKISTAN:  GWADAR,6.8,3,1,,
1947,ALGERIA,7.5,19,6,,
1947,IRAN:  DUSTABAD,7,2,323,3,
1947,GREECE:  S:  PYLIA (MESSINIA),5,29,65,4,
1947,"PERU:  SATIPO,ANDAMARCA,ACOBAMBA,LA MERCED,VICTOC",5.4,1,1,2,
1947,"W. HOKKAIDO ISLAND, JAPAN",7,261,15,,
1948,"PHILIPPINES:  PANAY, ILOILO CITY, ANTIQUE",7.3,5,2,,
1948,GREECE:  DODECANESE ISLANDS,7.7,4,1,2,
1948,INDONESIA:  SERAM,6.9,177,1,,
1948,"TOKAIDO, JAPAN",6.5,1,3,,
1948,GREECE:  VASILIKI (LEUKAS),6.1,2287,13,1000,
1948,ITALY:  N,7.7,1,1,,
1948,"PERU:  AREQUIPA,MOQUEGUA,TACNA,TORATA,QUELLAVECO",6.2,9,24000,,
1948,ALASKA:  ALASKA PENINSULA,7.2,1,2800,,
1948,CHINA:  SHANDONG PROVINCE,5.5,16,12,,
1948,CHINA:  SICHUAN PROVINCE,6.4,2,2,,
1948,PERU:  CANETE,7.8,4,263,4,
1948,INDONESIA:  OFF NORTHWEST COAST,7,3,1,2,
1948,CHINA:  YUNNAN PROVINCE,5.3,3,1,,
1948,JAPAN:  FUKUI,5.6,3,30,,
1948,GREECE:  TSOUKALADES-KALAMITSI (LEUKAS),5.9,9,2,,
1948,TONGA ISLANDS,7.5,1,14,,
1948,TURKMENISTAN:  ASHKHABAD,6.7,4,2,,
1948,CHINA:  GUIZHOU PROVINCE,5.8,1,30,,
1948,MEXICO:  MARIA MADRE ISLAND,5.9,11,1770,1,
1948,CHILE:  ANTOFAGASTA,8.2,2,3,,
1949,RUSSIA:  KAMCHATKA,9.5,2,4,1,
1949,GREECE:  OFF WEST COAST,6.5,31000,3,1,
1949,CHINA:  XINJIANG PROVINCE,6.6,1,97,11,
1949,"AFGHANISTAN:  HINDU-KUSH, WEST PUNJAB",6.7,37,100,2,
1949,WASHINGTON,6.6,24,22,1,
1949,"CHILE:  ANGOL, TRAIGUEN",7.4,5,26,,
1949,"IRAN:  MAKHL-E-NAKHODA,BANDAR ABBAS,BAZAAR",6.8,3,525,600,
1949,INDONESIA:  BANDA ACEH,6.7,628,5,,
1949,TAJIKISTAN,6.6,10,170,,
1949,"GREECE:  CHIOS, OENOUSSAE; TURKEY: KARABURUN",7.6,3,1500,1,
1949,ECUADOR: TUNGURAHUA,7.3,2,6274,,
1949,TONGA ISLANDS,7.5,1,1,,
1949,TURKEY: KARLIOVA,4.9,35,162,,
1949,CANADA:  QUEEN CHARLOTTE ISLANDS,6.5,18,2,,
1949,PHILIPPINES:  N LUZON,6.8,1,30,10,
1949,ITALY:  CENTRAL,6.4,1,2,2,
1949,PAPUA NEW GUINEA:  BISMARCK SEA,6.2,2,68,,
1949,CHINA:  SICHUAN PROVINCE,6.4,1,368,2,
1949,CALIFORNIA:  SOUTHERN,5.8,4,20,20000,
1949,CHILE:  TIERRA DEL FUEGO,6.5,1,252,5,
1949,CHILE:  TIERRA DEL FUEGO,6,1,3,,
1949,PHILIPPINES:  LUZON:  E,7.3,40,14,,
1950,IRAN: BUSHIRE,6.4,34,5,50,
